ico_name;url;ico_price;ico_launch_month;ico_end_month;accepted_currency;ticker;platform;category;country;id;symbol;name;ico_price_currency;date_row;max_supply;circulating_supply;total_supply;total_value_locked;fully_diluted_valuation_usd;current_price_usd;market_cap_change_24h_in_currency_usd;market_cap_rank;market_cap_usd;public_interest_score;sentiment_votes_down_percentage;sentiment_votes_up_percentage;reddit_accounts_active_48h;reddit_average_comments_48h;reddit_subscribers;twitter_followers;telegram_channel_user_count;price_month_3;porc_variance_m3;price_month_6;porc_variance_m6;ico_launch_datetime;year;month;day;quantity_gt
0;cryptostone;https://icoholder.com/en/cryptostone-1025141;0.0019963516638913195;2022-06-13;;;cps;;Platform;nan;cryptostone;cps;cryptostone;;12-08-2022;;;29000000000.0;;54461168.0;0.0018682;-7761463.187019814;;17796619.0;0.002;100.0;0.0;0;0.0;0;35613;26614;;;;;2022-06-13;2022;6;13;164.0
1;sf capital;https://icoholder.com/en/sf-capital-22994;1.0;2018-01-06;;;sfcp;;Platform;nan;sf-capital;sfcp;sf capital;USD;12-08-2022;;;100000000.0;;;0.00021754;-280.11787866856866;;16102.23;0.0;;;0;0.0;0;47;319;;;;;2018-01-06;2018;1;6;292.0
2;xave coin;https://icoholder.com/en/xave-coin-1005792;5.0;2022-11-01;;;xvc;;Platform;nan;xave-coin;xvc;xave coin;USD;12-08-2022;;;5000000000.0;;;0.00019991;0.0;;0.0;0.001;;;0;0.0;0;36799;9731;;;;;2022-11-01;2022;11;1;
3;worldcore;https://icoholder.com/en/worldcore;0.1;2017-10-14;;ETH, BTC, FIAT ;nan;;Platform, Cryptocurrency,  Business services;Czech Republic;worldcore;wrc;worldcore;USD;12-08-2022;;;245209299.0;;;3.647e-05;;;6495.82;0.0;0.0;100.0;0;0.0;0;5498;732;0.43043229671176164;330.43229671176164;0.03868468347871752;-61.31531652128248;2017-10-14;2017;10;14;38.0
4;micromoney;https://icoholder.com/en/micromoney-3520;1.0;2017-10-18;; ETH ;amm;;Platform;Cambodia;micromoney;amm;micromoney;USD;12-08-2022;;;17532943.0;;;0.0045875;3249.05;;80457.0;0.0;;;0;0.0;0;0;995;1.2632165830076805;26.321658300768046;0.22062058352206512;-77.93794164779348;2017-10-18;2017;10;18;145.0
5;hara;https://icoholder.com/en/hara-23758;0.0059;2018-11-14;;ETH, BTC, TEN ;hart;;Platform, Big Data;Singapore;hara-token;hart;hara;USD;12-08-2022;;;1200000000.0;;;0.00238569;-78460.46214294806;;2860224.0;0.0;;;0;0.0;0;3361;1491;;;0.0030021131651433034;-49.11672601452028;2018-11-14;2018;11;14;922.0
6;cointorox;https://icoholder.com/en/cointorox-27152;184.02255937246562;2018-11-15;;;rox;;Platform;Estonia;cointorox;orox;cointorox;;12-08-2022;;;5525108.0;;;0.00034681;;;1916.18;0.0;;;0;0.0;0;0;16;0.0481512837016918;-99.97383403216112;0.032318494158778736;-99.98243775422482;2018-11-15;2018;11;15;244.0
7;tryvium;https://icoholder.com/en/tryvium-28054;0.04;2019-03-03;;;nan;;Platform;nan;tryvium-2;tryv;tryvium;USD;12-08-2022;;;1800000000.0;;;0.00220089;0.0;;0.0;0.0;;;5;0.0;18;37503;10530;;;;;2019-03-03;2019;3;3;196.0
8;fleta;https://icoholder.com/en/fleta-24468;0.05;2019-03-05;;;fleta;;Platform;nan;fleta;fleta;fleta;USD;12-08-2022;;;2000000000.0;;;0.01001614;0.0;;0.0;0.0;;;0;0.0;0;0;8912;;;0.011813567808045728;-76.37286438390856;2019-03-05;2019;3;5;262.0
9;vegawallet;https://icoholder.com/en/vegawallet-25228;220.1415794346937;2018-09-17;;;vgw;;Platform;nan;vegawallet-token;vgw;vegawallet;;12-08-2022;;;200000000.0;;;0.0193849;;;484028.0;0.0;;;0;0.0;0;1824;216;;;0.13588253840845585;-99.93827493254233;2018-09-17;2018;9;17;265.0
10;must;https://icoholder.com/en/must-24323;0.06;2019-01-05;;;must;;Platform;nan;must;must;must;USD;12-08-2022;;;1000000.0;;14441870.0;14.43;-18511.947790871607;;1507346.0;0.003;;;11;0.2;80;27348;2216;;;;;2019-01-05;2019;1;5;1497.0
11;electrify.asia;https://icoholder.com/en/electrify-asia-17518;0.8;2018-02-23;;ETH ;elec;;Platform, Cryptocurrency, Energy, Smart Contract;Singapore;electrify-asia;elec;electrify.asia;USD;12-08-2022;;;749999996.0;;;0.00082479;3872.06;;442716.0;0.0;;;0;0.0;0;5647;1577;0.09354533086140732;-88.30683364232408;0.010956551272019104;-98.63043109099762;2018-02-23;2018;2;23;190.0
12;wise;https://icoholder.com/en/wise-27622;10.0;2019-01-04;;;wse;;Platform;nan;wise-token11;wise;wise;USD;12-08-2022;;;422799040.108018;;;0.170106;0.0;;0.0;0.004;;;0;0.0;0;0;1266;;;;;2019-01-04;2019;1;4;1409.0
13;poseidon;https://icoholder.com/en/poseidon-21808;0.22;2019-02-16;;;ocn;;Platform, Energy, Charity, Smart Contract;nan;poseidon-2;psdn;poseidon;USD;12-08-2022;;;1000000.0;;2902997.0;2.9;0.0;;0.0;0.001;;;0;0.0;0;3162;467;;;;;2019-02-16;2019;2;16;1086.0
14;global crypto alliance;https://icoholder.com/en/global-crypto-alliance-24417;0.02;2019-10-30;;;call;;Platform;Malta;global-crypto-alliance;call;global crypto alliance;USD;12-08-2022;;;777000000.0;;;0.00155381;;;0.0;0.0;;;7;0.0;20;3221;1683;0.0011913391874577373;-94.04330406271131;0.0002893225086527246;-98.55338745673637;2019-10-30;2019;10;30;
15;s4fe;https://icoholder.com/en/s4fe-24293;0.25;2018-01-08;;ETH, BTC, BCH, FIAT, XRP ;s4f;;Platform;Cayman Islands, Liechtenstein;s4fe;s4f;s4fe;USD;12-08-2022;;;1000000000.0;;;0.00093437;0.0;;0.0;0.001;;;0;0.0;0;0;3585;;;;;2018-01-08;2018;1;8;123.0
16;coinxpad;https://icoholder.com/en/coinxpad-1004156;83.333;2021-09-25;;;cxpad;;Platform;nan;coinxpad;cxpad;coinxpad;USD;12-08-2022;;;100000000000.0;;;1.348e-05;-20713.655404243153;;1104069.0;0.002;50.0;50.0;0;0.0;0;41260;19631;0.00010603824597579242;-99.99987275359584;3.306656622682357e-05;-99.9999603199618;2021-09-25;2021;9;25;42.0
17;league of kingdoms;https://icoholder.com/en/league-of-kingdoms-1009712;0.15;2021-12-20;;;loka;;Platform;nan;league-of-kingdoms;loka;league of kingdoms;USD;12-08-2022;;;152842307.782909;;;0.769801;-1262543.8565559462;;50926882.0;0.068;25.0;75.0;0;0.0;0;84884;;2.183600737998842;1355.7338253325613;0.5690707016297618;279.38046775317457;2021-12-20;2021;12;20;231.0
18;rewards token;https://icoholder.com/en/rewards-token-1002764;0.012;2021-07-13;;;rwd;;Platform, Blockchain;nan;rewards-token;rewards;rewards token;USD;12-08-2022;;;1000000000000000.0;;;1.9464e-11;;;0.0;0.0;;;4;0.0;75;345;1913;3.528688219591034e-11;-99.99999970594264;4.2482911058520655e-11;-99.99999964597573;2021-07-13;2021;7;13;174.0
19;whirl finance;https://icoholder.com/en/whirl-finance-1000252;0.0047;2021-01-04;;;whirl;;Platform;nan;whirl-finance;whirl;whirl finance;USD;12-08-2022;;;712289213.111743;;;0.00012904;;;85296.0;0.0;;;0;0.0;0;5358;4920;0.005267140014884243;12.06680882732432;0.0006761799763503871;-85.61319199254494;2021-01-04;2021;1;4;216.0
20;just;https://icoholder.com/en/just-22596;1.4705245496691108;2018-06-30;10-07-2018;;just;;Platform;nan;just;jst;just;;12-08-2022;;;9900000000.0;;333446813.0;0.03369387;-9635668.842014492;;299835374.0;0.004;0.0;100.0;0;0.0;0;58518;18697;;;;;2018-06-30;2018;6;30;1892.0
21;edain;https://icoholder.com/en/edain-1006869;0.2;2021-10-30;;;eai;;Platform;nan;edain;eai;edain;USD;12-08-2022;;;201110207.912859;;29696692.0;0.063137;-18327.47489743479;;249712.0;0.002;0.0;100.0;5;0.0;140;39983;18947;;;0.4921032357640665;146.05161788203324;2021-10-30;2021;10;30;258.0
22;mina protocol;https://icoholder.com/en/mina-protocol-1000084;0.2;2021-03-31;;;mina;;Platform;nan;mina-protocol;mina;mina protocol;USD;12-08-2022;;;944157052.840039;;;0.91753;-15866135.075256705;;539245087.0;0.009;12.5;87.5;28;0.444;13129;194751;43763;1.5923871851819156;696.1935925909578;3.995236453626164;1897.6182268130817;2021-03-31;2021;3;31;216.0
23;oasis;https://icoholder.com/en/oasis-22962;0.01;2019-03-06;;;oat;;Platform;Russia;oasis-2;xos;oasis;USD;12-08-2022;;;713795.7474081;;;0.00933361;;;0.0;0.0;;;0;0.0;0;449;44;0.2387652341622933;2287.652341622933;0.961611910873341;9516.119108733408;2019-03-06;2019;3;6;1433.0
24;oasis;https://icoholder.com/en/oasis-1014651;0.01;2022-02-21;;;oasis;;Platform;nan;oasis-2;xos;oasis;USD;12-08-2022;;;713795.7474081;;;0.00933361;;;0.0;0.0;;;0;0.0;0;449;44;0.2387652341622933;2287.652341622933;0.961611910873341;9516.119108733408;2022-02-21;2022;2;21;1649.0
25;carbon coin;https://icoholder.com/en/carbon-coin-1004158;0.15;2021-01-09;;;cxrbn;;Platform;nan;c-token-2;c;carbon coin;USD;12-08-2022;;;500000000000000.0;;;2.19668e-10;0.0;;0.0;0.0;;;0;0.0;0;8163;499;;;;;2021-01-09;2021;1;9;337.0
26;ultralpha;https://icoholder.com/en/ultralpha-30724;0.085;2019-11-08;;;uat;;Platform;nan;ultralpha;uat;ultralpha;USD;12-08-2022;;;158123346.1935;;;0.03697525;;;1124791.0;0.0;;;0;0.0;0;0;486;0.0815182651188422;-4.096158683715058;0.06830763245739739;-19.638079461885425;2019-11-08;2019;11;8;171.0
27;ijascoin;https://icoholder.com/en/ijascoin-1000305;0.025;2021-01-04;;;ijc;;Platform;nan;ijascoin;ijc;ijascoin;USD;12-08-2022;;;28000000000.0;;;9.12e-06;0.0;;0.0;0.0;;;4;0.0;26;6544;5120;0.01001203067728504;-59.95187729085985;0.00011758077957183028;-99.52967688171267;2021-01-04;2021;1;4;
28;shree;https://icoholder.com/en/shree-1002746;0.0001;2021-06-16;;;nan;;Platform, Cryptocurrency;nan;shree;shr;shree;USD;12-08-2022;;;16000000000.0;;0.02624251;0.02625157;0.0;;0.0;0.005;50.0;50.0;0;0.0;0;2261;718;;;;;2021-06-16;2021;6;16;1013.0
29;cakepad;https://icoholder.com/en/cakepad-1015162;0.001;2022-02-14;28-02-2022;;nan;;Platform;nan;cakepad;ckp;cakepad;USD;12-08-2022;;;5000000000.0;;22594.0;4.51e-06;0.0;;0.0;0.001;;;0;0.0;0;4689;4837;4.229857292130995e-05;-95.770142707869;;;2022-02-14;2022;2;14;221.0
30;nesten;https://icoholder.com/en/nesten-30687;0.21122975366174299;2019-07-29;;ETH ;nit;;Platform;nan;nesten;nit;nesten;;12-08-2022;;;;;;0.01738639;0.0;;0.0;0.0;;;0;0.0;0;5549;1639;;;;;2019-07-29;2019;7;29;117.0
31;smash cash;https://icoholder.com/en/smash-cash-1007390;0.001;2021-01-12;;;smash;;Platform;nan;smash-cash;smash;smash cash;USD;12-08-2022;;;1000000000.0;;498740.0;0.00049529;0.0;;0.0;0.0;;;0;0.0;0;17190;4816;;;;;2021-01-12;2021;1;12;297.0
32;battle inu;https://icoholder.com/en/battle-inu-1013762;5e-11;2022-12-02;;;binu;;Platform;nan;battle-inu;binu;battle inu;USD;12-08-2022;;;5e+16;;;3.77642e-13;;;0.0;0.0;;;0;0.0;0;0;516;;;;;2022-12-02;2022;12;2;
33;mobula;https://icoholder.com/en/mobula-1018509;0.093;2022-04-25;;;mobl;;Platform;nan;mobula;mobl;mobula;USD;12-08-2022;;;19900000.0;;;;;;;0.0;;;0;0.0;0;597;1468;;;;;2022-04-25;2022;4;25;310.0
34;devium;https://icoholder.com/en/devium-1015630;0.00035;2022-02-20;;;devi;;Platform;nan;devium;devi;devium;USD;12-08-2022;;;100000000000.0;;;;;;;0.0;;;0;0.0;0;233;482;;;;;2022-02-20;2022;2;20;246.0
35;pearl finance;https://icoholder.com/en/pearl-finance-31974;133.0;2020-01-11;;;pfi;;Platform;nan;pearl-finance;pearl;pearl finance;USD;12-08-2022;;;;;;17.97;0.0;;0.0;0.0;;;0;0.0;0;6797;2245;;;;;2020-01-11;2020;1;11;215.0
36;metachess;https://icoholder.com/en/metachess-1012648;4e-06;2022-01-02;;;pawn;;Platform;nan;metachess;shah;metachess;USD;12-08-2022;;;;;;0.00109873;0.0;;0.0;0.001;0.0;100.0;0;0.0;0;29408;19252;;;0.0024738903823894876;61747.25955973719;2022-01-02;2022;1;2;283.0
37;clytie;https://icoholder.com/en/clytie-1006703;0.003;2021-01-12;;;nan;;Platform;nan;clytie;cly;clytie;USD;12-08-2022;;;5000000000.0;;3935185.0;0.00078704;;;0.0;0.0;;;0;0.0;0;30221;22523;;;;;2021-01-12;2021;1;12;105.0
38;xx platform;https://icoholder.com/en/xx-platform-32148;1.0;2021-05-02;;;xxp;;Platform;nan;xx-platform;xxp;xx platform;USD;12-08-2022;;;50000000.0;;;0.090451;;;0.0;0.0;;;6;0.0;3300;4823;3608;0.9360934981385;-6.390650186150005;0.8303252764484179;-16.967472355158208;2021-05-02;2021;5;2;215.0
39;arcona;https://icoholder.com/en/arcona-1000292;2.4175014918221147;2021-01-04;;;arcona;;Platform;nan;arcona;arcona;arcona;;12-08-2022;;;15181707.0;;;0.091618;133824.0;;1376118.0;0.0;0.0;100.0;9;0.0;1105;10347;3066;0.16218620949265197;-93.29116403686646;0.07210144379629267;-97.0175222625427;2021-01-04;2021;1;4;73.0
40;car coin;https://icoholder.com/en/car-coin-1000625;0.25;2021-01-04;;;ccm;;Platform;nan;car-coin;ccm;car coin;USD;12-08-2022;;;200000000.0;;3003473.0;0.01499383;0.0;;0.0;0.0;;;0;0.0;0;621;268;;;;;2021-01-04;2021;1;4;230.0
41;yesorno;https://icoholder.com/en/yesorno-1003155;0.002;2021-02-08;;;yon;;Platform;nan;yesorno;yon;yesorno;USD;12-08-2022;;;756857850.0;;792429.0;0.00104558;0.0;;0.0;0.0;0.0;100.0;0;0.0;0;41521;12629;;;;;2021-02-08;2021;2;8;302.0
42;blockchain euro project;https://icoholder.com/en/blockchain-euro-project-1003198;0.1;2021-01-09;;;nan;;Platform;nan;blockchain-euro-project;bepr;blockchain euro project;USD;12-08-2022;;;30000000.0;;475166.0;0.01582543;0.0;;0.0;0.0;;;0;0.0;0;11001;7793;;;;;2021-01-09;2021;1;9;
43;metashooter;https://icoholder.com/en/metashooter-1013112;0.01;2022-02-28;;;mhunt;;Platform;nan;metashooter;mhunt;metashooter;USD;12-08-2022;;;95000000.0;;;0.04073684;0.0;;0.0;0.003;50.0;50.0;8;0.0;5384;97979;39666;0.06457992773686891;545.7992773686891;;;2022-02-28;2022;2;28;328.0
44;axl inu;https://icoholder.com/en/axl-inu-1009236;0.00075;2021-12-18;;;axl;;Platform;nan;axl-inu;axl;axl inu;USD;12-08-2022;;;100000000000.0;;;7.518e-05;0.0;;0.0;0.001;0.0;100.0;11;0.0;1511;148108;58705;0.00032719526891061796;-56.373964145250945;7.084332151510643e-05;-90.55422379798581;2021-12-18;2021;12;18;254.0
45;nuco.cloud;https://icoholder.com/en/nuco-cloud-30381;0.05;2019-01-02;;ETH, BTC, EUR ;ncdt;;Platform;Germany;nuco-cloud;ncdt;nuco.cloud;USD;12-08-2022;;;50000000.0;;1171398.0;0.02340422;474.6;;585699.0;0.0;;;0;0.0;0;5231;48;;;;;2019-01-02;2019;1;2;
46;letcoinshop;https://icoholder.com/en/letcoinshop-1003094;0.05;2021-09-15;;;lcs;;Platform;nan;letcoinshop;lcs;letcoinshop;USD;12-08-2022;;;500000000.0;;9200163.0;0.01840033;;;;0.0;;;0;0.0;0;13368;3004;;;;;2021-09-15;2021;9;15;
47;neural protocol;https://icoholder.com/en/neural-protocol-26018;1e-07;2018-09-20;;ETH ;nrp;;Platform;Indonesia;neural-protocol;nrp;neural protocol;USD;12-08-2022;;;9500000000.0;;;2.22e-06;;;21045.0;0.0;;;0;0.0;0;2515;63;5.631156014273718e-06;5531.156014273719;8.785650341624718e-06;8685.650341624718;2018-09-20;2018;9;20;99.0
48;recast1;https://icoholder.com/en/recast1-1002006;0.0006;2021-06-15;;;r1;;Platform, Payments;nan;recast1;r1;recast1;USD;12-08-2022;;;10000000000.0;;;6.84e-06;2473.25;;9001.86;0.001;0.0;100.0;0;0.0;0;14802;3314;;;;;2021-06-15;2021;6;15;169.0
49;cerberus;https://icoholder.com/en/cerberus-1003580;0.002;2021-08-20;;;cerx;;Platform;nan;cerberus-2;crbrus;cerberus;USD;12-08-2022;;;;;;1.387e-05;0.0;;0.0;0.007;0.0;100.0;0;0.0;0;24891;2779;;;;;2021-08-20;2021;8;20;236.0
50;camelcoin;https://icoholder.com/en/camelcoin-1001659;0.6;2021-05-15;;;cml;;Platform;nan;camelcoin;cml;camelcoin;USD;12-08-2022;;;40000000.0;;19885320.0;0.142038;;;;0.0;;;0;0.0;0;6007;19646;;;;;2021-05-15;2021;5;15;
51;deltachain;https://icoholder.com/en/deltachain-1011360;0.015;2022-08-01;;;dtc;;Platform;nan;deltachain;delta;deltachain;USD;12-08-2022;;;7500000000.0;;;5.98e-06;;;44836.0;0.0;;;0;0.0;0;130;1231;;;;;2022-08-01;2022;8;1;182.0
52;fia protocol;https://icoholder.com/en/fia-protocol-1003946;0.02;2021-12-09;;;fia;;Platform;nan;fia-protocol;fia;fia protocol;USD;12-08-2022;;;500000000.0;;250321.0;0.00050064;0.0;;0.0;0.0;;;0;0.0;0;58836;27290;0.0012576940533551753;-93.71152973322413;0.0005002364628766626;-97.49881768561669;2021-12-09;2021;12;9;177.0
53;beer money;https://icoholder.com/en/beer-money-26178;0.035;2018-10-16;;;beer;;Platform;nan;beer-money;beer;beer money;USD;12-08-2022;;;400000000.0;;;0.01013996;0.0;;0.0;0.0;;;0;0.0;0;0;54611;;;;;2018-10-16;2018;10;16;120.0
54;coin;https://icoholder.com/en/coin-1015487;0.0001;2022-02-22;;;cofn;;Platform;nan;coin;coin;coin;USD;12-08-2022;;;100000000.0;;1856715.0;0.01856715;0.0;;649861.0;0.0;;;0;0.0;0;9496;2993;0.046325994744170984;46225.99474417098;;;2022-02-22;2022;2;22;1821.0
55;verify;https://icoholder.com/en/verify-1004979;7e-08;2021-10-15;;;vfy;;Platform;nan;verify;cred;verify;USD;12-08-2022;;;29997543.0;;;0.00377133;;;58530.0;0.0;;;4;0.0;1816;2221;;0.0072272964903984625;10324609.271997804;;;2021-10-15;2021;10;15;1424.0
56;verify;https://icoholder.com/en/verify-16188;0.225;2017-11-29;;ETH, BTC ;cred;;Platform;nan;verify;cred;verify;USD;12-08-2022;;;29997543.0;;;0.00377133;;;58530.0;0.0;;;4;0.0;1816;2221;;0.0072272964903984625;-96.78786822648956;;;2017-11-29;2017;11;29;1223.0
57;domi;https://icoholder.com/en/domi-29123;0.08;2019-01-06;;;domi;;Platform;nan;domi;domi;domi;USD;12-08-2022;;;25107412.0;;22146230.0;0.02210899;0.0;;0.0;0.0;0.0;100.0;0;0.0;0;46755;14002;;;;;2019-01-06;2019;1;6;634.0
58;lion;https://icoholder.com/en/lion-1007322;0.05;2021-11-17;;;lion;;Platform;nan;lion-token;lion;lion;USD;12-08-2022;;;4999654963.0;;;0.00010298;0.0;;0.0;0.0;;;0;0.0;0;18162;9158;0.0003309728826134687;-99.33805423477307;0.00013806474554863043;-99.72387050890275;2021-11-17;2021;11;17;1742.0
59;boorio;https://icoholder.com/en/boorio-31960;0.01;2020-01-11;;;orio;;Platform;nan;boorio;orio;boorio;USD;12-08-2022;;;3000000000000.0;;679568.0;2.26361e-07;0.0;;0.0;0.0;;;0;0.0;0;10189;2449;;;;;2020-01-11;2020;1;11;62.0
60;reflex;https://icoholder.com/en/reflex-31383;0.035;2019-01-12;;ETH, BTC ;rfx;;Platform;nan;reflex;rfx;reflex;USD;12-08-2022;;;1000000000.0;;;0.00091942;0.0;;0.0;0.001;0.0;100.0;0;0.0;0;19056;23197;;;;;2019-01-12;2019;1;12;756.0
61;ludena protocol;https://icoholder.com/en/ludena-protocol-31570;0.0067;2020-03-24;;;ldn;;Platform;nan;ludena-protocol;ldn;ludena protocol;USD;12-08-2022;;;1200000000.0;;;0.215591;0.0;;0.0;0.0;;;7;0.0;3411;51465;36731;;;;;2020-03-24;2020;3;24;153.0
62;pieme;https://icoholder.com/en/pieme-1018527;0.15;2022-11-04;;; pie;;Platform;nan;pieme;pie;pieme;USD;12-08-2022;;;100000000.0;;4321798.0;0.04312012;-81195.91793052736;;1563670.0;0.001;100.0;0.0;0;0.0;0;31158;20410;;;;;2022-11-04;2022;11;4;
63;zynecoin;https://icoholder.com/en/zynecoin-28620;0.3;2019-01-23;;;zyn;;Platform;nan;zynecoin;zyn;zynecoin;USD;12-08-2022;;;96138187.5;;26034793.0;0.259958;8536792.0;;8536792.0;0.0;83.67;16.33;0;0.0;0;1100;2421;;;;;2019-01-23;2019;1;23;162.0
64;binstarter;https://icoholder.com/en/binstarter-1001658;0.1;2021-06-30;;;bsr;;Platform;nan;binstarter;bsr;binstarter;USD;12-08-2022;;;84739797.0;;28337343.0;0.28137;0.0;;0.0;0.01;11.11;88.89;5;0.0;17;280133;141607;1.0184611077726213;918.4611077726213;1.361858426555073;1261.8584265550728;2021-06-30;2021;6;30;293.0
65;tozex;https://icoholder.com/en/tozex-31596;1.0;2020-06-22;;;toz;;Platform;nan;tozex;toz;tozex;USD;12-08-2022;;;1600010.0;;;0.089803;0.0;;0.0;0.0;;;3;0.0;453;22054;6538;;;;;2020-06-22;2020;6;22;260.0
66;reef;https://icoholder.com/en/reef-30058;0.075;2019-06-17;;;reef;;Platform;nan;reef;reef;reef;USD;12-08-2022;;;15934019762.0;;91178283.0;0.00456268;-449443.55086664855;;90619958.0;0.004;7.89;92.11;24;0.727;14739;232266;29601;;;;;2019-06-17;2019;6;17;363.0
67;gomeat;https://icoholder.com/en/gomeat-1002136;2.5;2021-06-24;;;gomt;;Platform;nan;gomeat;gomt;gomeat;USD;12-08-2022;;;4975806.394;;2671408.0;0.534282;-5321.144898770261;;1032749.0;0.002;;;0;0.0;0;29975;11329;;;;;2021-06-24;2021;6;24;143.0
68;si14bet;https://icoholder.com/en/si14bet-31478;1.0;2020-07-02;;;nan;;Platform;nan;si14bet;si14;si14bet;USD;12-08-2022;;;19200000.0;;;728.85;0.0;;0.0;0.0;0.0;100.0;0;0.0;0;236;84;;;;;2020-07-02;2020;7;2;
69;payaccept;https://icoholder.com/en/payaccept-31695;0.24;2020-01-07;;;pay;;Platform;nan;payaccept;payt;payaccept;USD;12-08-2022;;;14318367.4894822;;;0.03998255;0.0;;0.0;0.0;;;10;0.0;106;19586;2152;;;;;2020-01-07;2020;1;7;113.0
70;quai dao;https://icoholder.com/en/quai-dao-32208;0.25;2021-01-24;;;nan;;Platform;nan;quai-dao;quai;quai dao;USD;12-08-2022;;;100000000.0;;;0.00511803;-3356.903759821056;;203748.0;0.0;;;0;0.0;0;1893;2667;0.08209084307469358;-67.16366277012257;0.07342809516431087;-70.62876193427566;2021-01-24;2021;1;24;88.0
71;crypto carbon energy;https://icoholder.com/en/crypto-carbon-energy-1002208;1.0;2021-06-28;;;cyce;;Platform;nan;crypto-carbon-energy;cyce;crypto carbon energy;USD;12-08-2022;;;10000000000.0;;3391034598.0;0.339103;-7856.428189170547;;6852803.0;0.001;;;10;0.0;5;3287;1425;1.7432725328641507;74.32725328641507;0.798523519409119;-20.147648059088098;2021-06-28;2021;6;28;210.0
72;pledgecamp;https://icoholder.com/en/pledgecamp-23672;0.0001;2019-02-18;;;plg;;Platform;nan;pledgecamp;plg;pledgecamp;USD;12-08-2022;;;10000000000.0;;;0.00089266;0.0;;0.0;0.0;;;0;0.0;0;8850;88;;;0.10185690134605357;101756.90134605356;2019-02-18;2019;2;18;226.0
73;student coin;https://icoholder.com/en/student-coin-32205;0.0184;2021-01-02;;;stc;;Platform;nan;student-coin;stc;student coin;USD;12-08-2022;;;10000000000.0;;;0.00476021;0.0;;0.0;0.005;25.0;75.0;6;0.2;6708;38467;18641;;;;;2021-01-02;2021;1;2;115.0
74;migranet;https://icoholder.com/en/migranet-28998;0.2;2019-01-03;;ETH ;mig;;Platform;Costa Rica;migranet;mig;migranet;USD;12-08-2022;;;340000575.0;;;0.00012068;;;0.0;0.0;;;0;0.0;0;1722;361;;;;;2019-01-03;2019;1;3;176.0
75;vabble;https://icoholder.com/en/vabble-1002298;0.016;2021-07-26;;;vab;;Platform;nan;vabble;vab;vabble;USD;12-08-2022;;;1456250000.0;;2445699.0;0.00170831;-190903.5265302416;;1857556.0;0.0;100.0;0.0;11;0.0;121;19304;6235;0.02930713081846965;83.16956761543531;0.008103109340201656;-49.355566623739655;2021-07-26;2021;7;26;187.0
76;prometheus;https://icoholder.com/en/prometheus-31139;0.1;2020-01-02;;;pro;;Platform;nan;prometheus;phi;prometheus;USD;12-08-2022;;;21000000.0;;78055408.0;3.12;0.0;;0.0;0.0;;;0;0.0;0;5981;654;;;;;2020-01-02;2020;1;2;492.0
77;privapp network;https://icoholder.com/en/privapp-network-32066;0.28;2020-01-12;;;priva;;Platform;nan;privapp-network;bpriva;privapp network;USD;12-08-2022;;;2000000.0;;;0.273603;-17271.31673514261;;363852.0;0.0;;;0;0.0;0;41695;7201;;;;;2020-01-12;2020;1;12;154.0
78;gather;https://icoholder.com/en/gather-26228;0.0144;2018-01-03;;;gth;;Platform;nan;gather;gth;gather;USD;12-08-2022;;;410140506.513184;;8351888.0;0.01471385;-54570.78481079452;;2761088.0;0.009;0.0;100.0;8;0.0;142;11683;3568;;;;;2018-01-03;2018;1;3;644.0
79;barter;https://icoholder.com/en/barter-30310;0.01;2019-05-27;;;brtr;;Platform;nan;barter;brtr;barter;USD;12-08-2022;;;17500000.0;;;0.00677528;-207.70418878060082;;5311.02;0.0;;;0;0.0;0;34157;18757;;;;;2019-05-27;2019;5;27;331.0
80;a-nation;https://icoholder.com/en/a-nation-1016527;0.000333;2022-03-13;;;antn;;Platform;nan;a-nation;anation;a-nation;USD;12-08-2022;;;10000000000.0;;5994969.0;0.0005995;0.0;;0.0;0.002;;;0;0.0;0;6814;1935;0.0004979575754239725;49.536809436628374;;;2022-03-13;2022;3;13;22.0
81;b-cube.ai;https://icoholder.com/en/b-cube-ai-1000100;0.04;2021-01-03;;;bcube;;Platform;nan;b-cube-ai;bcube;b-cube.ai;USD;12-08-2022;;;49708661.9;;;0.08512;1702.83;;1717505.0;0.001;;;0;0.0;0;5811;3030;;;0.19701902019731815;392.5475504932954;2021-01-03;2021;1;3;87.0
82;oja coin;https://icoholder.com/en/oja-coin-1004893;0.1;2021-01-10;;;oja;;Platform;nan;oja-coin;ojx;oja coin;USD;12-08-2022;;;326000000.0;;5051823.0;0.00701642;;;0.0;0.003;100.0;0.0;0;0.0;0;13803;32429;;;;;2021-01-10;2021;1;10;218.0
83;cresio;https://icoholder.com/en/cresio-28140;0.01;2019-01-05;;; cres;;Platform;nan;cresio;xcre;cresio;USD;12-08-2022;;;40000000.0;;;0.02078292;0.0;;0.0;0.0;;;0;0.0;0;7940;2481;;;;;2019-01-05;2019;1;5;135.0
84;bamboo;https://icoholder.com/en/bamboo-30722;0.04;2019-01-11;;;bmbu;;Platform;nan;bamboo;bam;bamboo;USD;12-08-2022;;;100000000.0;;;0.01660437;0.0;;0.0;0.001;33.33;66.67;6;1.0;2212;19920;542;;;;;2019-01-11;2019;1;11;900.0
85;silkchain;https://icoholder.com/en/silkchain-20326;0.04;2018-01-08;;;silk;;Platform, Retail;nan;silkchain;silk;silkchain;USD;12-08-2022;;;10000000000.0;;;0.00021822;0.0;;0.0;0.0;;;0;0.0;0;3199;2575;;;;;2018-01-08;2018;1;8;233.0
86;matrix;https://icoholder.com/en/matrix-17335;0.36;2018-01-16;31-01-2018;;nan;;Platform, Cryptocurrency;nan;matrix-2;mtix;matrix;USD;12-08-2022;;;1500000000.0;;46553.0;3.096e-05;1508.44;;46553.0;0.0;;;0;0.0;0;1652;1067;;;;;2018-01-16;2018;1;16;1836.0
87;gameflip;https://icoholder.com/en/gameflip-3506;46.197883489516954;2017-04-12;;ETH ;flp;;Platform, Cryptocurrency, Entertainment;United States;gameflip;flp;gameflip;;12-08-2022;;;100000000.0;;;0.00539761;16171.29;;304425.0;0.0;;;8;0.222;2591;47242;529;;;;;2017-04-12;2017;4;12;77.0
88;ethorse;https://icoholder.com/en/ethorse-17219;232.78138524562493;2018-10-01;;ETH ;horse;;Platform, Entertainment, Casino & Gambling, Smart Contract;Cayman Islands;ethorse;horse;ethorse;;12-08-2022;;;125000000.0;;;0.00025243;;;26836.0;0.0;;;0;0.0;0;1039;312;0.002635635952171599;-99.99886776343847;0.0053755054834152965;-99.99769074942236;2018-10-01;2018;10;1;165.0
89;qfora;https://icoholder.com/en/qfora-23757;0.04914002759792343;2018-06-18;; ETH ;quroz;;Platform, Artificial Intelligence;Singapore;qfora;quroz;qfora;;12-08-2022;;;1200000000.0;;839307631.0;0.699467;0.0;;0.0;0.001;;;0;0.0;0;40960;150803;;;;;2018-06-18;2018;6;18;243.0
90;one share;https://icoholder.com/en/one-share-25586;0.04;2018-09-15;;ETH, BTC, LTC, BCH, DASH, XRP ;one;;Platform;Germany;one-share;ons;one share;USD;12-08-2022;;;100001.0;;;2.23;0.0;;0.0;0.0;;;0;0.0;0;0;649;;;;;2018-09-15;2018;9;15;647.0
91;speed mining service;https://icoholder.com/en/speed-mining-service-4040;238.3433037544036;2017-10-27;;;sms;;Platform, Cryptocurrency;Japan;speed-mining-service;sms;speed mining service;;12-08-2022;;;300000.0;;;0.219773;;;95.23;0.0;100.0;0.0;0;0.0;0;370;;;;24.067858902587155;-89.90202010148042;2017-10-27;2017;10;27;135.0
92;umbrella coin;https://icoholder.com/en/umbrella-coin;279.4176492108516;2017-09-20;;;umc;;Platform, Other;United States;umbrellacoin;umc;umbrella coin;;12-08-2022;;;100000000.0;;;0.00071143;;;0.0;0.0;;;0;0.0;0;0;99;;;;;2017-09-20;2017;9;20;277.0
93;counterparty;https://icoholder.com/en/counterparty-3190;7.86;2014-01-01;;;xcp;;Platform;nan;counterparty;xcp;counterparty;USD;12-08-2022;;;2649272.0;;;4.46;-236792.9200789053;;11615086.0;0.001;;;10;0.0;1578;29631;;2.264328099;-71.19175446564886;2.030075504529366;-74.17206737239994;2014-01-01;2014;1;1;226.0
94;upfiring;https://icoholder.com/en/upfiring;19.26359042821057;2017-03-10;;;ufr;;Platform;nan;upfiring;ufr;upfiring;;12-08-2022;;;815000000.138288;;;0.03444307;;;826634.0;0.0;0.0;100.0;12;0.0;2562;106;144;;;;;2017-03-10;2017;3;10;120.0
95;flypme;https://icoholder.com/en/flypme;294.3138380117381;2017-09-28;;;fyp;;Platform, Cryptocurrency, Business services;nan;flypme;fyp;flypme;;12-08-2022;;;35277362.0;;;0.03842547;-16216.92740640766;;650624.0;0.0;;;9;0.0;324;4279;448;0.485608423301902;-99.83500319706933;0.10971468261954045;-99.9627218742548;2017-09-28;2017;9;28;147.0
96;ccore;https://icoholder.com/en/ccore;329.0252809929819;2017-08-25;;ETH ;cco;;Platform, Cryptocurrency, Business services;Armenia;ccore;cco;ccore;;12-08-2022;;;10000000.0;;;0.00403107;-2498.3595362562482;;6852.82;0.0;;;9;0.0;184;1856;213;;;0.2558742773871069;-99.92223263920181;2017-08-25;2017;8;25;145.0
97;skincoin;https://icoholder.com/en/skincoin-2829;327.8909356942679;2017-06-21;;;nan;;Platform, Cryptocurrency, Entertainment;Russia;skincoin;skin;skincoin;;12-08-2022;;;388183000.0;;;0.00069732;-606.6818050363363;;64110.0;0.0;;;0;0.0;0;4110;;0.0183342607701527;-99.99440842707918;0.0132216096378887;-99.99596768065275;2017-06-21;2017;6;21;244.0
98;time new bank;https://icoholder.com/en/time-new-bank-6710;348.74721545667;2017-11-18;;;tnb;;Platform, Business services;Singapore;time-new-bank;tnb;time new bank;;12-08-2022;;;4413848444.21869;;;0.00580256;-159612.56252935156;;19945936.0;0.0;100.0;0.0;14;0.0;1421;18658;1671;0.08481840860329182;-99.97567911517451;0.04556161881730309;-99.9869356322293;2017-11-18;2017;11;18;252.0
99;tokes;https://icoholder.com/en/tokes;445.792;2016-01-12;;;tks;;Platform, Cryptocurrency, Health;United States;tokes;tks;tokes;;12-08-2022;;;1000000000.0;;;0.03897546;0.0;;0.0;0.0;;;2;0.0;54;0;1967;;;;;2016-01-12;2016;1;12;14.0
100;vikky;https://icoholder.com/en/vikky-21065;0.0226;2018-02-05;;ETH  ;vik;;Platform, Cryptocurrency;Australia;vikkytoken;vikky;vikky;USD;12-08-2022;;;12000000000.0;;;5.41472e-07;;;5144.29;0.0;;;0;0.0;0;2042;439;;;;;2018-02-05;2018;2;5;68.0
101;comsa;https://icoholder.com/en/comsa;1.0;2017-02-10;;;cms;;Platform, Business services;Japan;comsa;cms;comsa;USD;12-08-2022;;;219042298.0;;;0.06765;0.0;;0.0;0.0;;;0;0.0;0;6209;963;;;;;2017-02-10;2017;2;10;65.0
102;patientory;https://icoholder.com/en/patientory;231.37212671271118;2017-05-31;;;ptoy;;Platform, Software;United States;patientory;ptoy;patientory;;12-08-2022;;;100002000.0;;;0.00262371;-9095.757927744766;;220863.0;0.001;;;4;0.0;758;15105;175;0.3727013125915587;-99.83891693529087;0.176951754380188;-99.92352071232854;2017-05-31;2017;5;31;172.0
103;charg coin;https://icoholder.com/en/charg-coin-3555;330.021315646911;2017-11-16;;ETH ;charg;;Platform;nan;charg-coin;chg;charg coin;;12-08-2022;;;90000000.0;;;0.730009;;;3564336.0;0.0;;;0;0.0;0;1656;212;;;;;2017-11-16;2017;11;16;250.0
104;blockmason credit protocol;https://icoholder.com/en/blockmason-credit-protocol-2881;10.523650713762722;2017-01-10;;;nan;;Platform, Business services;United States;blockmason-credit-protocol;bcpt;blockmason credit protocol;;12-08-2022;;;116158667.0;;;0.00240877;1630.05;;279799.0;0.0;;;18;0.0;3868;13020;;;;;;2017-01-10;2017;1;10;192.0
105;peerguess;https://icoholder.com/en/peerguess;296.4649529071602;2017-10-28;;ETH ;guess;;Platform, Cryptocurrency;Turkey;peerguess;guess;peerguess;;12-08-2022;;;200000000.0;;;1.104e-05;264.65;;652.96;0.0;;;0;0.0;0;4;295;;;0.026826723111223746;-99.99095113171113;2017-10-28;2017;10;28;329.0
106;coinlancer;https://icoholder.com/en/coinlancer-4394;0.25;2017-11-13;;;cl;;Platform;United Arab Emirates;coinlancer;cl;coinlancer;USD;12-08-2022;;;300000000.0;;;0.00222034;;;0.0;0.0;;;0;0.0;0;0;;;;0.022502037372673197;-90.99918505093072;2017-11-13;2017;11;13;248.0
107;rilcoin;https://icoholder.com/en/rilcoin-3511;9.661693873756436;2017-01-11;;;rtk;;Platform, Cryptocurrency;United States;rilcoin;ril;rilcoin;;12-08-2022;;;18500000.0;;;0.0002267;;;0.0;0.0;;;0;0.0;0;1374;217;;;;;2017-01-11;2017;1;11;201.0
108;stater;https://icoholder.com/en/stater-4529;5679.21622165638;2017-10-14;;;stat;;Platform, Business services, Software;Greece;stater;str;stater;;12-08-2022;;;100000000.0;;663850.0;0.0066385;;;177742.0;0.0;50.0;50.0;0;0.0;0;12499;4546;;;;;2017-10-14;2017;10;14;827.0
109;agrello;https://icoholder.com/en/agrello;0.48177476640530503;2017-07-16;;;dlt;;Platform, Cryptocurrency;Estonia;agrello;dlt;agrello;;12-08-2022;;;130271020.0;;;0.000954;-1912.3380183777772;;78238.0;0.0;;;12;0.0;2578;15479;;;;0.6117940813976628;26.987572629110208;2017-07-16;2017;7;16;380.0
110;adshares;https://icoholder.com/en/adshares-16220;0.1;2017-07-07;;ETH, BTC ;ads;;Platform, Business services, Internet-technology;Marshall Islands;adshares;ads;adshares;USD;12-08-2022;;;38758203.0;;;3.59;-2640931.5626304746;;106384223.0;0.01;18.18;81.82;12;0.0;433;27298;22123;;;0.7530708809375988;653.0708809375988;2017-07-07;2017;7;7;155.0
111;wagerr;https://icoholder.com/en/wagerr;0.085;2017-01-06;;;wgr;;Platform, Entertainment;Belize;wagerr;wgr;wagerr;USD;12-08-2022;;;;;;0.00840734;-29940.309362320928;;2061418.0;0.0;66.67;33.33;13;0.0;2103;9335;1817;;;;;2017-01-06;2017;1;6;226.0
112;artex;https://icoholder.com/en/artex-3461;1.0;2017-05-12;;ETH ;arx;;Platform, Entertainment, Art;Russia;artex;artex;artex;USD;12-08-2022;;;100000000.0;;146025.0;0.00146025;;;32359.0;0.001;100.0;0.0;0;0.0;0;21382;14711;;;;;2017-05-12;2017;5;12;128.0
113;astronaut;https://icoholder.com/en/astronaut-3456;0.8;2017-09-25;;;astro;;Platform, Cryptocurrency;United States;astronaut;naut;astronaut;USD;12-08-2022;;;5508369.56182154;;;0.04543142;0.0;;0.0;0.002;;;0;0.0;0;165600;5541;;;;;2017-09-25;2017;9;25;714.0
114;winco;https://icoholder.com/en/winco-18935;0.05;2018-01-02;;;wco;;Platform;nan;winco;wco;winco;USD;12-08-2022;;;6752580800.0;;;0.00013619;;;0.0;0.0;;;0;0.0;0;719;344;;;0.008023883431612313;-83.95223313677538;2018-01-02;2018;1;2;850.0
115;cube;https://icoholder.com/en/cube-16969;0.11810075903673732;2018-12-02;;ETH ;cub;;Platform, Entertainment, Software, Communication;United Kingdom;cube;itamcube;cube;;12-08-2022;;;10000000000.0;;875700658.0;0.08757;-3775807.1877384335;;61419328.0;0.001;0.0;100.0;0;0.0;0;66023;26475;;;;;2018-12-02;2018;12;2;1717.0
116;mobilego;https://icoholder.com/en/mobilego;0.4505;2017-04-24;;;mgo;;Platform, Entertainment;United States;mobilego;mgo;mobilego;USD;12-08-2022;;;100000000.0;;;0.00827422;-571438.4987182923;;396690.0;0.0;;;5;0.0;343;3961;1449;1.02;126.41509433962264;0.407335;-9.581576026637071;2017-04-24;2017;4;24;254.0
117;particl;https://icoholder.com/en/particl-2801;1.0977044578200001;2017-03-18;;;part;;Platform;nan;particl;part;particl;;12-08-2022;;;;;;0.37162;209015.0;;4601609.0;0.001;;;18;0.0;3755;18868;7;;;7.824358587319708;612.7928224741468;2017-03-18;2017;3;18;28.0
118;goldmint;https://icoholder.com/en/goldmint-2481;7.0;2017-09-20;;;mntp;;Platform, Cryptocurrency;Russia;goldmint;mntp;goldmint;USD;12-08-2022;;;10000000.0;;;0.121981;2636.46;;219646.0;0.001;;;13;0.0;209;3216;2842;;;;;2017-09-20;2017;9;20;236.0
119;bitcomo;https://icoholder.com/en/bitcomo-4092;0.3;2018-01-16;;;bm;;Platform;Poland;bitcomo;bm;bitcomo;USD;12-08-2022;;;17275967.0;;;0.00119807;;;7166.3;0.0;;;0;0.0;0;1588;744;;;0.014079775155846243;-95.30674161471792;2018-01-16;2018;1;16;154.0
120;sophiatx;https://icoholder.com/en/sophiatx-4383;0.05536802553770063;2017-05-12;;ETH, DCT, ETHBTC ;sphtx;;Platform, Business services;Switzerland;sophiatx;sphtx;sophiatx;;12-08-2022;;;500000000.0;;;0.00019982;;;0.0;0.0;;;10;0.0;1506;12230;1355;;;;;2017-05-12;2017;5;12;230.0
121;buddy;https://icoholder.com/en/buddy-21670;0.13;2018-01-09;;;bud;;Platform;nan;buddy;bud;buddy;USD;12-08-2022;;;47000000000.0;;;4.17e-06;;;0.0;0.0;0.0;100.0;4;0.0;1364;25231;377;;;;;2018-01-09;2018;1;9;1220.0
122;digital ticks;https://icoholder.com/en/digital-ticks-20712;0.3;2018-04-15;;ETH, BTC ;dtx;;Platform, Cryptocurrency;Estonia;digital-ticks;dtx;digital ticks;USD;12-08-2022;;;128000000.0;;;0.00214651;0.0;;0.0;0.0;;;0;0.0;0;2695;;;;0.045571434458073046;-84.80952184730899;2018-04-15;2018;4;15;116.0
123;fintab;https://icoholder.com/en/fintab-3501;0.4;2017-01-12;;;fnt;;Platform, Cryptocurrency, Business services;Russia;fintab;fntb;fintab;USD;12-08-2022;;;3079387.0;;;0.00203978;-0.060334001674164035;;6281.27;0.0;;;0;0.0;0;914;15;;;;;2017-01-12;2017;1;12;185.0
124;sonm;https://icoholder.com/en/sonm-2493;346.36906994261665;2017-06-15;;;snm;;Platform, Software;Russia;sonm;snm;sonm;;12-08-2022;;;44400000.0;;;0.134104;933870.0;;5954225.0;0.0;0.0;100.0;18;0.0;9750;32826;4745;;;0.24122154847414;-99.93035707590343;2017-06-15;2017;6;15;378.0
125;eristica;https://icoholder.com/en/eristica-16203;0.02;2017-08-12;;BTC/ETH/LTC/BCH ;nan;;Platform, Entertainment, Communication;Russia;eristica;ert;eristica;USD;12-08-2022;;;230502120.0;;;0.00037462;;;0.0;0.0;;;0;0.0;0;2832;637;;;;;2017-08-12;2017;8;12;58.0
126;flixxo;https://icoholder.com/en/flixxo-3504;0.0696;2017-10-24;;ETH ;flixx;;Platform, Media, Entertainment;Argentina;flixxo;flixx;flixxo;USD;12-08-2022;;;189151329.0;;;0.00062995;;;32332.0;0.001;;;11;0.0;1040;5306;1315;0.2741760418093765;293.9310945537019;0.1788549109037818;156.97544670083593;2017-10-24;2017;10;24;140.0
127;adbank;https://icoholder.com/en/adbank-16139;704.621843737326;2017-12-14;;ETH ;adb;;Platform;Canada;adbank;adb;adbank;;12-08-2022;;;1000000000.0;;;0.00035765;7119.96;;324450.0;0.0;;;11;0.0;426;13385;4399;0.01244148306982923;-99.99823430352318;0.010820051702586894;-99.99846441721914;2017-12-14;2017;12;14;106.0
128;bitdegree;https://icoholder.com/en/bitdegree-4083;9.66715894243992;2017-01-12;;ETH ;bdg;;Platform, Education;Lithuania;bitdegree;bdg;bitdegree;;12-08-2022;;;660000000.0;;;0.0003203;;;123173.0;0.083;0.0;100.0;5;0.0;1265;3071;1667;;;;;2017-01-12;2017;1;12;168.0
129;tierion;https://icoholder.com/en/tierion;1.0;2017-07-27;;;tnt;;Platform, Internet-technology;United States;tierion;tnt;tierion;USD;12-08-2022;;;1000000000.0;;;0.00362172;;;1551840.0;0.001;;;8;0.0;2605;21012;1026;0.05608526263799896;-94.3914737362001;0.3212456229070787;-67.87543770929213;2017-07-27;2017;7;27;203.0
130;bitclave;https://icoholder.com/en/bitclave;0.07;2017-08-11;;;cat;;Platform, Internet-technology;Singapore;bitclave;cat;bitclave;USD;12-08-2022;;;2000000000.0;;;0.00014945;;;0.0;0.0;;;3;0.0;916;8439;474;;;0.05817097307429236;-16.89860989386807;2017-08-11;2017;8;11;168.0
131;modex;https://icoholder.com/en/modex-3335;0.4;2018-09-15;;;mdx;;Platform, Cryptocurrency;nan;modex;modex;modex;USD;12-08-2022;;;266399993.0;;;0.061226;0.0;;0.0;0.001;75.0;25.0;0;0.0;0;6432;2217;;;0.018934020271545053;-95.26649493211373;2018-09-15;2018;9;15;352.0
132;buzzshow;https://icoholder.com/en/buzzshow-17800;0.25;2018-04-05;;ETH, BTC, ETC, LTC, BCH, XMR, DASH, XRP, ADA ;gldy;;Platform, Cryptocurrency, Media, Smart Contract;Netherlands;buzzshow;gldy;buzzshow;USD;12-08-2022;;;150000000.0;;;0.00383733;;;0.0;0.001;;;9;0.0;1135;3548;1131;;;;;2018-04-05;2018;4;5;42.0
133;vite;https://icoholder.com/en/vite-23744;184.02255937246562;2018-11-15;;;vt;;Platform;nan;vite;vite;vite;;12-08-2022;;;1045692740.78175;;;0.0326876;16393.25;;28969446.0;0.002;0.0;100.0;15;0.1;3190;45142;6256;0.01417321329524037;-99.99229811097968;0.028897211408648094;-99.98429691908035;2018-11-15;2018;11;15;908.0
134;mywish;https://icoholder.com/en/mywish-4395;0.2;2017-10-25;;ETH ;nan;;Platform, Other;Russia;mywish;wish;mywish;USD;12-08-2022;;;9546650.62357825;;;0.02687985;;;256613.0;0.002;;;4;0.0;24;8975;4243;0.851534;325.767;0.23383379654490452;16.916898272452254;2017-10-25;2017;10;25;105.0
135;promodio;https://icoholder.com/en/promodio-1003459;0.005;2021-08-20;;;pmd;;Platform;nan;promodio;pmd;promodio;USD;12-08-2022;;;2000000000.0;;9700.38;4.86e-06;-1.2222201970603237;;2647.32;0.0;;;0;0.0;0;0;2534;0.013368753903359176;167.3750780671835;0.0001102286321703412;-97.7954273565932;2021-08-20;2021;8;20;15.0
136;welltrado;https://icoholder.com/en/welltrado-19235;0.00018907;2018-04-06;;ETH ;wtl;;Platform, Big Data, Artificial Intelligence;Lithuania;welltrado;wtl;welltrado;USD;12-08-2022;;;56985497.0;;;0.00017806;;;8259.69;0.0;0.0;100.0;0;0.0;0;2081;451;;;;;2018-04-06;2018;4;6;378.0
137;ucoin;https://icoholder.com/en/ucoin-23646;0.00018907;2020-01-07;;ETH, BTC, FIAT ;ucoin;;Platform, Charity,  Business services;nan;ucoin;u;ucoin;USD;12-08-2022;;;20000000.0;;;0.02214749;;;0.0;0.0;;;9;0.0;12;489;;0.04646459879603604;24475.3418289713;0.011945199090476958;6217.871206683745;2020-01-07;2020;1;7;337.0
138;coinloan;https://icoholder.com/en/coinloan;0.00018907;2017-12-29;;ETH, BTC, LTC, FIAT ;clt;;Platform, Cryptocurrency;Estonia;coinloan;clt;coinloan;USD;12-08-2022;;;22000000.0;;;15.78;0.0;;0.0;0.01;;;15;13.0;7567;14418;3727;;;;;2017-12-29;2017;12;29;157.0
139;coinlion;https://icoholder.com/en/coinlion-4341;0.00018907;2017-12-18;;ETH ;lion;;Platform, Cryptocurrency, Software;United States;coinlion;lion;coinlion;USD;12-08-2022;;;260471654.164815;;;0.01120626;;;0.0;0.001;;;4;0.0;567;6865;263;;;;;2017-12-18;2017;12;18;187.0
140;clearpoll;https://icoholder.com/en/clearpoll;0.00018907;2017-12-09;;;poll;;Platform, Other;Australia;clearpoll;poll;clearpoll;USD;12-08-2022;;;8999991.9;;;0.00092161;;;0.0;0.0;;;6;0.0;838;6264;37;;;0.6976446861227362;368887.51051078236;2017-12-09;2017;12;9;145.0
141;humaniq;https://icoholder.com/en/humaniq;0.00018907;2017-06-04;;;nan;;Platform, Business services;United Kingdom;humaniq;hmq;humaniq;USD;12-08-2022;;;207143695.035598;;;0.00532716;36628.0;;1002540.0;0.0;;;10;0.0;913;386;;0.11306999948033696;59703.24719962815;0.161997300782199;85581.12380716084;2017-06-04;2017;6;4;277.0
142;taklimakan network;https://icoholder.com/en/taklimakan-network-16830;0.00018907;2018-09-04;;ETH, BTC, LTC, XRP ;tkln;;Platform, Cryptocurrency, Education;nan;taklimakan-network;tan;taklimakan network;USD;12-08-2022;;;1000000000.0;;;0.00064626;0.0;;0.0;0.0;;;0;0.0;0;15916;2392;;;;;2018-09-04;2018;9;4;91.0
143;devery;https://icoholder.com/en/devery-16976;0.00026971;2017-10-12;; ETH ;eve;;Platform, Retail, Business services, Manufacturing;Australia;devery;eve;devery;USD;12-08-2022;;;100000000.0;;;0.00099364;;;62518.0;0.0;;;11;0.0;1047;2165;485;;;0.1083158313831145;40060.109518784804;2017-10-12;2017;10;12;190.0
144;cryptyk;https://icoholder.com/en/cryptyk-17890;0.00018907;2018-11-28;;ETH, BTC, USD ;ctk;;Platform, Cryptocurrency;nan;cryptyk;ctk;cryptyk;USD;12-08-2022;;;750000000.0;;740677.0;0.00098975;0.0;;0.0;0.0;;;0;0.0;0;7433;96;;;;;2018-11-28;2018;11;28;292.0
145;vexanium;https://icoholder.com/en/vexanium-21010;0.00018907;2018-06-17;;ETH ;vex;;Platform;Singapore;vexanium;vex;vexanium;USD;12-08-2022;;;1049551900.0;;1778020.0;0.00169707;161707.0;;1695762.0;0.016;0.0;100.0;3;0.0;140;16274;8136;0.01421392215782232;7417.809360460316;0.0030245354311181755;1499.690818806884;2018-06-17;2018;6;17;240.0
146;potentiam;https://icoholder.com/en/potentiam-17139;0.00018907;2017-01-12;;;ptm;;Platform, Entertainment;United Kingdom;potentiam;ptm;potentiam;USD;12-08-2022;;;100000000.0;;;0.01456831;-3455.9547181418166;;537736.0;0.0;;;0;0.0;0;23214;6421;;;;;2017-01-12;2017;1;12;142.0
147;wax;https://icoholder.com/en/wax-3917;0.00018907;2017-11-15;;ETH, BTC ;wax;;Platform, Cryptocurrency, Virtual Reality, Entertainment, Business services, Internet-technology, Software, Smart Contract;Canada;wax;waxp;wax;USD;12-08-2022;;;3770303327.0;;469168336.0;0.124606;1703331.0;;264662237.0;0.143;19.35;80.65;50;1.5;8405;277576;14310;0.31269838663910954;165287.62714291507;0.2737170108947689;144670.19669686828;2017-11-15;2017;11;15;1522.0
148;hoqu;https://icoholder.com/en/hoqu-3982;0.00018907;2017-11-27;;ETH, BTC, LTC ;hqx;;Platform, Business services, Software;Russia;hoqu;hqx;hoqu;USD;12-08-2022;;;888888000.0;;;0.00087834;;;189517.0;0.0;;;11;0.0;1072;0;10244;;;0.030677458106125412;16125.449889525262;2017-11-27;2017;11;27;232.0
149;ioex;https://icoholder.com/en/ioex-22331;0.00018907;2018-01-08;;;nan;;Platform;Taiwan;ioex;ioex;ioex;USD;12-08-2022;;;200000000.0;;;0.00380385;0.0;;0.0;0.0;;;0;0.0;0;2233;1912;;;;;2018-01-08;2018;1;8;260.0
150;babb;https://icoholder.com/en/babb-16190;0.00018907;2018-06-02;;ETH ;bax;;Platform;United Kingdom;babb;bax;babb;USD;12-08-2022;;;50000000000.0;;3423880.0;6.831e-05;-43935.66659280192;;2252913.0;0.001;0.0;100.0;10;0.0;2224;44982;5876;0.0006339780449820878;235.3139286941809;0.00046338463834649763;145.0862846281788;2018-06-02;2018;6;2;218.0
151;medibit;https://icoholder.com/en/medibit-22446;0.00018907;2018-01-07;;;mdbs;;Platform, Health;Singapore;medibit;medibit;medibit;USD;12-08-2022;;;50000000000.0;;;8.90185e-07;;;21801.0;0.0;;;0;0.0;0;6777;86;;;;;2018-01-07;2018;1;7;104.0
152;cotrader;https://icoholder.com/en/cotrader-21798;0.00018907;2018-10-08;;ETH, BTC, LTC, BCH, BCC, FIAT ;cot;;Platform, Cryptocurrency;Israel;cotrader;cot;cotrader;USD;12-08-2022;;;20000000000.0;;;1.514e-05;-22085.00399560097;;286034.0;0.001;0.0;100.0;11;0.0;21579;216;3735;;;8.686044206413816e-05;-54.05910929066581;2018-10-08;2018;10;8;215.0
153;propy;https://icoholder.com/en/propy-2313;0.00018907;2017-08-15;;;pro;;Platform;nan;propy;pro;propy;USD;12-08-2022;;;100000000.0;;;0.803369;9816.2;;46426671.0;0.005;14.29;85.71;0;0.0;0;30166;3139;0.306385276572294;161948.59394525518;1.4650670796645433;774780.7741389662;2017-08-15;2017;8;15;230.0
154;icon;https://icoholder.com/en/icon-2459;0.00018907;2017-09-20;;;icx;;Platform;Switzerland;icon;icx;icon;USD;12-08-2022;;;939233142.414678;;;0.36444;680966.0;;288024788.0;0.0;8.33;91.67;149;0.308;34943;202044;9421;2.24000924759771;1184651.281323166;2.3248593297211135;1229528.8833348039;2017-09-20;2017;9;20;1708.0
155;astra guild ventures;https://icoholder.com/en/astra-guild-ventures-1007678;0.00018907;2021-01-12;;;agv;;Platform;nan;astra-guild-ventures;agv;astra guild ventures;USD;12-08-2022;;;2000000000.0;;1647511.0;0.00082553;0.0;;0.0;0.001;;;5;0.0;3215;59076;30468;;;;;2021-01-12;2021;1;12;76.0
156;whenhub;https://icoholder.com/en/whenhub-4489;0.00018907;2018-03-19;;;when;;Platform, Education, Internet-technology;nan;when-token;when;whenhub;USD;12-08-2022;;;875000000.0;;;0.00015661;;;0.0;0.0;;;7;0.0;59;0;1106;;;;;2018-03-19;2018;3;19;340.0
157;edenchain;https://icoholder.com/en/edenchain-20409;0.00018907;2018-01-09;;ETH ;edn;;Platform;South Korea;edenchain;edn;edenchain;USD;12-08-2022;;;1000000000.0;;;0.00130337;;;778838.0;0.0;;;12;0.0;4400;10621;2950;;;;;2018-01-09;2018;1;9;137.0
158;fxpay;https://icoholder.com/en/fxpay-21267;0.00018907;2018-01-08;;;fxp;;Platform, Cryptocurrency, Internet-technology, Smart Contract;nan;fxpay;fxp;fxpay;USD;12-08-2022;;;500000000.0;;;0.00032021;;;77004.0;0.0;0.0;100.0;0;0.0;0;22230;1102;;;;;2018-01-08;2018;1;8;0.0
159;blocksquare;https://icoholder.com/en/blocksquare-16207;0.00018907;2018-04-18;;ETH  ;bst;;Platform, Cryptocurrency;Slovenia;blocksquare;bst;blocksquare;USD;12-08-2022;;;11133896.8478415;;;0.185299;577012.0;;1992843.0;0.001;0.0;100.0;5;0.25;189;12935;838;;;;;2018-04-18;2018;4;18;275.0
160;ionchain;https://icoholder.com/en/ionchain-22689;0.00018907;2018-04-07;;ETH ;ionc;;Platform;Finland;ionchain-token;ionc;ionchain;USD;12-08-2022;;;520000000.0;;;0.00103024;;;440645.0;0.0;;;7;0.0;18;7558;325;;;;;2018-04-07;2018;4;7;171.0
161;iungo;https://icoholder.com/en/iungo-4182;0.00018907;2018-01-31;;ETH, BTC, LTC, FIAT ;ing;;Platform, Cryptocurrency, Internet-technology, Software;Lithuania;iungo;ing;iungo;USD;12-08-2022;;;62553604.0;;;0.00046022;;;0.0;0.0;;;4;0.0;245;2993;800;0.11760144412440708;62099.94929095419;0.03336665335782869;17547.777731966307;2018-01-31;2018;1;31;293.0
162;hurify;https://icoholder.com/en/hurify-4401;0.00018907;2017-12-15;;ETH, BTC, LTC, BCH, DASH, BTG ;nan;;Platform;Afghanistan;hurify;hur;hurify;USD;12-08-2022;;;273125000.0;;;0.0002465;;;53604.0;0.0;;;0;0.0;0;8108;62;;;0.07193566551033301;37947.10716154493;2017-12-15;2017;12;15;107.0
163;international cryptox;https://icoholder.com/en/international-cryptox-21505;0.00018907;2018-11-06;;ETH ;incx;;Platform, Cryptocurrency;nan;international-cryptox;incx;international cryptox;USD;12-08-2022;;;1000000000.0;;;8.214e-05;;;0.0;0.0;;;0;0.0;0;10156;1138;0.0009653142625060747;410.5591910435684;0.0003823105823680495;102.20584035968135;2018-11-06;2018;11;6;18.0
164;swace;https://icoholder.com/en/swace-20907;0.00018907;2018-01-07;;;swa;;Platform, Cryptocurrency, Media, Virtual Reality, Entertainment, Health;nan;swace;swace;swace;USD;12-08-2022;;;2700000000.0;;;0.00079867;;;0.0;0.0;;;0;0.0;0;10255;231;;;;;2018-01-07;2018;1;7;307.0
165;insurepal;https://icoholder.com/en/insurepal-17049;0.00018907;2018-01-16;;ETH ;ipl;;Platform, Business services;Liechtenstein;insurepal;ipl;insurepal;USD;12-08-2022;;;300000000.0;;;0.00053717;-1875.2718600743683;;120009.0;0.0;;;0;0.0;0;13;882;0.05844511944969726;30811.894774262048;0.025686580547093697;13485.751598399374;2018-01-16;2018;1;16;272.0
166;gonetwork;https://icoholder.com/en/gonetwork-3942;0.00018907;2018-11-06;;ETH, BTC ;got;;Platform;Singapore;gonetwork;got;gonetwork;USD;12-08-2022;;;100000000.0;;;0.00091538;;;65907.0;0.0;;;0;0.0;0;33297;9279;0.010245195732168332;5318.73154501948;0.012520252769289452;6522.019764790528;2018-11-06;2018;11;6;284.0
167;bloom;https://icoholder.com/en/bloom-4336;0.00018907;2017-11-30;;ETH ;blt;;Platform;United States;bloom;blt;bloom;USD;12-08-2022;;;150000000.0;;;0.04540612;1039088.0;;2383726.0;0.001;0.0;100.0;11;0.0;2856;9452;1831;0.617355;326421.92309726554;0.3975251008764277;210152.8697712105;2017-11-30;2017;11;30;1474.0
168;gamb;https://icoholder.com/en/gamb-22361;0.00018907;2018-01-07;;ETH ;gmb;;Platform, Retail, Business services;Malta;gamb;gmb;gamb;USD;12-08-2022;;;5000000000.0;;;0.00028503;0.0;;0.0;0.0;;;0;0.0;0;13532;3586;;;;;2018-01-07;2018;1;7;224.0
169;geld finance;https://icoholder.com/en/geld-finance-1004181;0.00018907;2021-01-09;;;geldf;;Platform;nan;geld-finance;geldf;geld finance;USD;12-08-2022;;;250000000.0;;51461597.0;0.103066;0.0;;0.0;0.0;;;5;0.0;316;1234;11;;;;;2021-01-09;2021;1;9;247.0
170;bolttcoin;https://icoholder.com/en/bolttcoin-20918;0.00018907;2018-01-08;;ETH ;boltt;;Platform;Estonia;boltt-coin;boltt;bolttcoin;USD;12-08-2022;;;170000000.0;;;0.00631549;;;0.0;0.0;;;0;0.0;0;0;5573;;;;;2018-01-08;2018;1;8;80.0
171;stox;https://icoholder.com/en/stox;0.00018907;2017-02-08;;;stx;;Platform;Gibraltar;stox;stx;stox;USD;12-08-2022;;;54563307.263801;;;0.00308472;936.08;;157695.0;0.001;;;11;0.0;2090;11543;2370;;;;;2017-02-08;2017;2;8;191.0
172;parkingo;https://icoholder.com/en/parkingo-22128;0.00018907;2018-12-06;;ETH ;nan;;Platform, Business services;Switzerland;parkingo;got;parkingo;USD;12-08-2022;;;94808613.0;;;0.00764035;;;0.0;0.0;;;0;0.0;0;0;150;0.5426022609127088;286884.85265388945;0.67876;358899.31242396997;2018-12-06;2018;12;6;153.0
173;alyattes;https://icoholder.com/en/alyattes-1006241;0.00018907;2021-11-15;;;alya;;Platform;nan;alyattes;alya;alyattes;USD;12-08-2022;;;194087663.334438;;;0.417452;-329182.9252472678;;2084420.0;0.001;28.57;71.43;0;0.0;0;15312;1296;0.3297447477938379;174303.52662708936;0.3418006205857934;180679.9336678444;2021-11-15;2021;11;15;220.0
174;serenity;https://icoholder.com/en/serenity-4477;0.00018907;2018-01-25;;;srnt;;Platform, Cryptocurrency;nan;serenity;seren;serenity;USD;12-08-2022;;;1e+17;;84119.0;8.41188e-13;;;0.0;0.0;;;0;0.0;0;1266;924;;;;;2018-01-25;2018;1;25;1182.0
175;enecuum;https://icoholder.com/en/enecuum-22504;0.00018907;2018-06-22;;ETH, USDT ;nan;;Platform, Business services;Hongkong;enq-enecuum;enq;enecuum;USD;12-08-2022;;;350000000.0;;;0.00483523;-105925.41037443432;;971490.0;0.001;0.0;100.0;0;0.0;0;12424;7591;;;;;2018-06-22;2018;6;22;351.0
176;cloudbric;https://icoholder.com/en/cloudbric-22108;0.00018907;2018-09-20;;;clb;;Platform;nan;cloudbric;clbk;cloudbric;USD;12-08-2022;;;989556846.0;;;0.00557933;0.0;;0.0;0.0;;;9;0.0;1292;4962;102;0.005315220307590863;2711.2446753006097;0.00554006004407632;2830.1634548454645;2018-09-20;2018;9;20;198.0
177;envoy;https://icoholder.com/en/envoy-23750;0.00018907;2019-01-01;;;nvoy;;Platform, Cryptocurrency;nan;envoy-network;env;envoy;USD;12-08-2022;;;100000000.0;;;0.00493436;0.0;;0.0;0.0;;;0;0.0;0;0;13293;;;;;2019-01-01;2019;1;1;407.0
178;scorum;https://icoholder.com/en/scorum-16076;0.00018907;2018-01-14;;ETH, BTC ;scr;;Platform, Cryptocurrency, Media, Entertainment;Belarus;scorum;scr;scorum;USD;12-08-2022;;;;;;0.00950652;;;90193.0;0.0;;;0;0.0;0;7730;1460;;;0.23682004646109217;125155.22106156035;2018-01-14;2018;1;14;427.0
179;vanywhere;https://icoholder.com/en/vanywhere-17742;0.00018907;2018-07-23;;ETH, BTC, QTUM ;vany;;Platform,  Education;nan;vanywhere;vany;vanywhere;USD;12-08-2022;;;800000000.0;;;0.00017;0.0;;0.0;0.0;;;4;0.0;339;2992;256;;;;;2018-07-23;2018;7;23;149.0
180;bitto;https://icoholder.com/en/bitto-17331;0.00018907;2018-01-06;;ETH, BTC, LTC, BCH ;bitto;;Platform, Cryptocurrency;United Kingdom;bitto-exchange;bitto;bitto;USD;12-08-2022;;;17421137.0;;;0.03189471;127509.0;;307541.0;0.0;;;5;0.0;143;1194;2367;;;;;2018-01-06;2018;1;6;170.0
181;quickx protocol;https://icoholder.com/en/quickx-protocol-21762;0.00018907;2018-08-20;;;nan;;Platform;Malta;quickx-protocol;qcx;quickx protocol;USD;12-08-2022;;;500000000.0;;;0.00244797;0.0;;0.0;0.0;0.0;100.0;9;0.0;177;2440;2235;;;0.17822733378711766;94165.26354636783;2018-08-20;2018;8;20;385.0
182;yye energy;https://icoholder.com/en/yye-energy-1003928;0.00018907;2021-08-10;;;nan;;Platform;nan;yye-energy;yye;yye energy;USD;12-08-2022;;;;;;0.00034555;0.0;;0.0;0.0;;;0;0.0;0;0;67;;;0.006743923253118581;3466.892290219803;2021-08-10;2021;8;10;
183;sureremit;https://icoholder.com/en/sureremit-17045;0.00018907;2018-10-01;;ETH, BTC, LTC, XLM ;rmt;;Platform, Cryptocurrency, Retail;nan;sureremit;rmt;sureremit;USD;12-08-2022;;;746896620.0;;;0.00029833;715.38;;222228.0;0.0;;;6;0.0;882;5283;1058;0.004061848739143701;2048.3306389928075;0.0053496598855579626;2729.4599278351734;2018-10-01;2018;10;1;226.0
184;credits;https://icoholder.com/en/credits-16156;0.00018907;2018-02-17;;ETH, BTC ;nan;;Platform, Cryptocurrency, Business services, Software, Smart Contract;Singapore;credits;cs;credits;USD;12-08-2022;;;249471071.0;;;0.0077104;-105203.82485967665;;1726326.0;0.001;100.0;0.0;14;0.0;10534;42972;3718;0.8060376781864516;426217.06679348997;0.17478463641303063;92344.40493628319;2018-02-17;2018;2;17;1404.0
185;seedon;https://icoholder.com/en/seedon-1005962;0.00018907;2021-01-12;;;seon;;Platform;nan;seedon;seon;seedon;USD;12-08-2022;;;350000000.0;;;0.02121138;0.0;;0.0;0.001;0.0;100.0;9;0.0;2297;6240;4058;;;;;2021-01-12;2021;1;12;132.0
186;holo;https://icoholder.com/en/holo-17776;0.00018907;2018-01-04;;ETH ;hot;;Platform, Internet-technology, Communication;Gibraltar;holotoken;hot;holo;USD;12-08-2022;;;177619433541.141;;;0.00257799;-3598976.1207410097;;456780377.0;0.002;14.29;85.71;29;0.667;26459;114232;10899;;;0.00044804911442783397;136.9752548938668;2018-01-04;2018;1;4;864.0
187;remme;https://icoholder.com/en/remme-3449;0.00018907;2018-02-13;;;rem;;Platform, Business services, Internet-technology, Software;British Virgin Islands;remme;rem;remme;USD;12-08-2022;;;1000000000.0;;;0.00026045;-11634.840680243418;;246313.0;0.0;;;11;0.0;852;5908;2207;0.015801911826065836;8257.704461874351;0.008402835488375017;4344.29866630085;2018-02-13;2018;2;13;577.0
188;friendz;https://icoholder.com/en/friendz-17910;0.00018907;2018-01-03;;;fdz;;Platform, Media, Business services, Internet-technology, Communication;nan;friendz;fdz;friendz;USD;12-08-2022;;;1129842156.38066;;;0.00094039;202338.0;;555861.0;0.001;;;12;0.0;336;36998;24182;;;0.01460419012306206;7624.223897531106;2018-01-03;2018;1;3;71.0
189;cryptocean;https://icoholder.com/en/cryptocean-21518;0.00018907;2018-09-25;;;cron;;Platform, Cryptocurrency, Business services;nan;cryptocean;cron;cryptocean;USD;12-08-2022;;;100000000.0;;;0.204803;0.0;;0.0;0.0;;;10;0.0;2476;1600;1244;;;;;2018-09-25;2018;9;25;162.0
190;dream;https://icoholder.com/en/dream-18396;0.00018907;2018-01-10;;ETH ;dream;;Platform, Cryptocurrency;United Kingdom;dream-token;dream;dream;USD;12-08-2022;;;100000000.0;;15722177.0;0.157913;0.0;;0.0;0.0;0.0;100.0;0;0.0;0;9880;2546;;;;;2018-01-10;2018;1;10;1533.0
191;bitvalve;https://icoholder.com/en/bitvalve-27462;0.00018907;2019-01-05;;;btv;;Platform, wallet, Exchange;nan;bitvalve-2;btv;bitvalve;USD;12-08-2022;;;23148214.0;;1391392.0;0.060108;;;0.0;0.002;;;2;0.0;4082;8316;2647;;;;;2019-01-05;2019;1;5;175.0
192;boosto;https://icoholder.com/en/boosto-20400;0.00018907;2018-02-09;;;bst;;Platform;nan;boosto;bst;boosto;USD;12-08-2022;;;1000000000.0;;;0.00040575;0.0;;0.0;0.0;;;5;0.0;2088;2940;505;;;;;2018-02-09;2018;2;9;129.0
193;rloop;https://icoholder.com/en/rloop-21752;0.00018907;2018-08-07;;;rloop;;Platform, Cryptocurrency;United Kingdom;rloop;rloop;rloop;USD;12-08-2022;;;57701094.0;;19004908.0;0.01898423;0.0;;0.0;0.001;;;4;0.0;4176;18770;1478;;;;;2018-08-07;2018;8;7;224.0
194;triipmiles;https://icoholder.com/en/triipmiles-22298;0.00018907;2019-02-23;;ETH, BTC, USD, TOMO ;tiim;;Platform;nan;triipmiles;tiim;triipmiles;USD;12-08-2022;;;400000000.0;;;0.00173736;0.0;;0.0;0.001;;;8;0.0;104;0;;;;;;2019-02-23;2019;2;23;255.0
195;indahash;https://icoholder.com/en/indahash-4176;0.00018907;2017-11-29;;ETH ;idh;;Platform, Media, Communication;Poland;indahash;idh;indahash;USD;12-08-2022;;;399999999.0;;;0.00159726;157106.0;;525742.0;0.004;0.0;100.0;6;0.0;564;34;2419;0.11561723593759761;61050.49237721353;0.031573932093684864;16599.599139834383;2017-11-29;2017;11;29;515.0
196;finxflo;https://icoholder.com/en/finxflo-31668;0.00018907;2020-07-15;;ETH, BTC, LTC, BCH, USDT, DASH, XRP ;fxf;;Platform;Singapore;finxflo;fxf;finxflo;USD;12-08-2022;;;150000000.0;;;0.00549624;-46978.42541637912;;527493.0;0.001;0.0;100.0;0;0.0;0;19990;9908;;;;;2020-07-15;2020;7;15;68.0
197;iagon;https://icoholder.com/en/iagon-18259;0.00018907;2018-07-07;;ETH, BTC, FIAT ;iag;;Platform;Norway;iagon;iag;iagon;USD;12-08-2022;;;1000000000.0;;;0.00490778;0.0;;0.0;0.001;0.0;100.0;9;0.0;862;11028;3599;;;;;2018-07-07;2018;7;7;134.0
198;dether;https://icoholder.com/en/dether;0.00018907;2018-01-02;;ETH ;dth;;Platform;France;dether;dth;dether;USD;12-08-2022;;;100000000.0;;;0.00216271;;;183831.0;0.0;;;11;0.0;472;5165;146;;;0.038840731545740026;20443.043077029684;2018-01-02;2018;1;2;181.0
199;vinchain;https://icoholder.com/en/vinchain-4494;0.00018907;2018-01-02;;ETH, BTC, LTC, DASH, WAVES, FIAT, XRP ;vin;;Platform, Cryptocurrency;nan;vinchain;vin;vinchain;USD;12-08-2022;;;840108901.0;;;0.00263459;0.0;;0.0;0.001;;;11;0.0;96;5761;12155;;;;;2018-01-02;2018;1;2;318.0
200;glitzkoin;https://icoholder.com/en/glitzkoin-21592;0.00018907;2018-03-16;;ETH, BTC, XLM ;glt;;Platform, Cryptocurrency;Estonia;glitzkoin;gtn;glitzkoin;USD;12-08-2022;;;998999328.0;;;0.254359;0.0;;0.0;0.0;0.0;100.0;10;0.0;276;1218;1203;;;;;2018-03-16;2018;3;16;193.0
201;cryptoprofile;https://icoholder.com/en/cryptoprofile-27736;0.00018907;2019-01-01;;;cp;;Platform;nan;cryptoprofile;cp;cryptoprofile;USD;12-08-2022;;;753471015.0;;;0.00021684;;;0.0;0.0;;;3;0.0;1932;6520;5351;;;;;2019-01-01;2019;1;1;292.0
202;mytvchain;https://icoholder.com/en/mytvchain-27619;0.00018907;2022-08-02;;;mytv;;Platform, Sports;nan;mytvchain;mytv;mytvchain;USD;12-08-2022;;;3900000000.0;;;0.00258098;0.0;;0.0;0.001;;;5;0.0;90;9744;1080;;;;;2022-08-02;2022;8;2;315.0
203;truegame;https://icoholder.com/en/truegame-18215;0.00018907;2018-03-19;;ETH, BTC, LTC ;tgame;;Platform, Cryptocurrency, Entertainment, Sports, Software, Casino & Gambling, Smart Contract;Costa Rica;truegame;tgame;truegame;USD;12-08-2022;;;101945017.0;;;0.000319;;;27642.0;0.0;;;0;0.0;0;2323;2402;;;0.009203609113629687;4767.831551081445;2018-03-19;2018;3;19;112.0
204;bytus;https://icoholder.com/en/bytus-27513;0.00018907;2019-01-09;;;byts;;Platform;nan;bytus;byts;bytus;USD;12-08-2022;;;66000000.0;;319861.0;0.00484638;;;0.0;0.0;;;0;0.0;0;1249;90;;;0.039688538462773884;20891.45208799592;2019-01-09;2019;1;9;125.0
205;sappchat;https://icoholder.com/en/sappchat-1001636;0.00018907;2021-01-06;;;app;;Platform;nan;sappchat;app;sappchat;USD;12-08-2022;;;10000000000.0;;15019948.0;0.00150199;0.0;;0.0;0.0;100.0;0.0;0;0.0;0;82912;49574;;;;;2021-01-06;2021;1;6;176.0
206;midas protocol;https://icoholder.com/en/midas-protocol-21692;0.00018907;2018-01-07;;;mas;;Platform;nan;midas-protocol;mas;midas protocol;USD;12-08-2022;;;500000000.0;;;0.00039253;;;125611.0;0.0;;;0;0.0;0;2821;3417;;;;;2018-01-07;2018;1;7;481.0
207;gochain;https://icoholder.com/en/gochain-18352;0.00018907;2018-08-04;;ETH ;goc;;Platform, Cryptocurrency, Smart Contract;Nevis and Saint Kitts;gochain;go;gochain;USD;12-08-2022;;;1023029363.0;;;0.01030673;-17423.32677628845;;12217254.0;0.002;0.0;100.0;14;0.0;1197;26137;3649;0.06287199756180338;33153.29114180112;0.018319676039516623;9589.361633001863;2018-08-04;2018;8;4;251.0
208;robotina;https://icoholder.com/en/robotina-18377;0.00018907;2018-03-21;;ETH ;rox/rox;;Platform, Energy, Artificial Intelligence;Slovenia;robotina;rox;robotina;USD;12-08-2022;;;331614076.921422;;;0.00351261;-31290.05589267949;;974840.0;0.0;100.0;0.0;0;0.0;0;206;659;;;0.016951303169701788;8865.622874967888;2018-03-21;2018;3;21;170.0
209;nym;https://icoholder.com/en/nym-28861;0.00018907;2022-09-02;;;nym;;Platform;nan;nym;nym;nym;USD;12-08-2022;;;1000000000.0;;413355907.0;0.414898;-958904.0023230985;;28366549.0;0.004;0.0;100.0;0;0.0;0;50025;23698;;;;;2022-09-02;2022;9;2;
210;tokpie;https://icoholder.com/en/tokpie-20832;0.00018907;2018-01-06;;ETH ;tkp;;Platform;nan;tokpie;tkp;tokpie;USD;12-08-2022;;;100000000.0;;15367886.0;0.153896;529503.0;;12139708.0;0.006;0.0;100.0;10;0.222;448;0;12565;;;;;2018-01-06;2018;1;6;95.0
211;hashbon;https://icoholder.com/en/hashbon-22776;0.00018907;2018-01-08;01-11-2018;;nan;;Platform;nan;hash-token;hash;hashbon;USD;12-08-2022;;;1000000000.0;;;0.00428399;0.0;;0.0;0.001;;;4;0.0;3777;7290;17757;;;;;2018-01-08;2018;1;8;60.0
212;obortech;https://icoholder.com/en/obortech-1000018;0.00018907;2021-03-17;;ETH, BTC, USDT, XRP ;obot;;Platform;Estonia, Mongolia;obortech;obot;obortech;USD;12-08-2022;;;300000000.0;;;0.00636099;24794.0;;1051481.0;0.005;0.0;100.0;0;0.0;0;21534;8715;0.02840150071220089;14921.685466864597;0.014668281249053842;7658.121991354442;2021-03-17;2021;3;17;24.0
213;verasity;https://icoholder.com/en/verasity-19170;0.00018907;2018-01-06;;ETH, BTC ;vra;;Platform, Cryptocurrency, Media, Entertainment;Cayman Islands;verasity;vra;verasity;USD;12-08-2022;;;110356466695.0;;789262160.0;0.00720056;-2366853.129981339;;74068766.0;0.008;7.59;92.41;44;6.0;20301;266706;2337;;;;;2018-01-06;2018;1;6;70.0
214;okratech;https://icoholder.com/en/okratech-1001649;0.00018907;2021-01-11;;;nan;;Platform, Communication;nan;okratech-token;ort;okratech;USD;12-08-2022;;;900000000.0;;3733231.0;0.00413938;0.0;;0.0;0.001;;;0;0.0;0;109011;79411;;;;;2021-01-11;2021;1;11;122.0
215;elysian;https://icoholder.com/en/elysian-20669;0.00018907;2018-02-07;;ETHEREUM ;ely;;Platform, Cryptocurrency, Virtual Reality, Entertainment;Belize;elysian;ely;elysian;USD;12-08-2022;;;260000000.0;;;0.00047303;1675.12;;54184.0;0.0;;;0;0.0;0;2956;467;;;0.014502707909947904;7570.549484290423;2018-02-07;2018;2;7;126.0
216;cloudname;https://icoholder.com/en/cloudname-1013917;0.00018907;2022-02-20;;;cname;;Platform;nan;cloudname;cname;cloudname;USD;12-08-2022;;;378999900.0;;;0.00246107;0.0;;0.0;0.006;0.0;100.0;0;0.0;0;40390;16490;0.001749664072601065;825.4054438044456;;;2022-02-20;2022;2;20;258.0
217;revenue coin;https://icoholder.com/en/revenue-coin-1004009;0.00018907;2021-10-15;;;rvc;;Platform;nan;revenue-coin;rvc;revenue coin;USD;12-08-2022;;;1729481687.0;;4253960.0;0.00244653;-185892.7251602721;;1657274.0;0.002;50.0;50.0;0;0.0;0;21842;10156;0.017120256924964862;8954.983299817455;0.0061877345829919024;3172.721522712171;2021-10-15;2021;10;15;234.0
218;bytedex;https://icoholder.com/en/bytedex-1001666;0.00018907;2021-06-15;;;bytedex;;Platform;nan;bytedex;bext;bytedex;USD;12-08-2022;;;500000000.0;;;0.01409525;0.0;;0.0;0.001;;;0;0.0;0;44193;22460;;;0.02174665264295528;11401.905454569885;2021-06-15;2021;6;15;121.0
219;octopus protocol;https://icoholder.com/en/octopus-protocol-1001756;0.00018907;2021-06-08;;;ops;;Platform;nan;octopus-protocol;ops;octopus protocol;USD;12-08-2022;;;150000000.0;;;0.00206776;0.0;;0.0;0.001;;;0;0.0;0;80;18698;0.34009195121978647;179776.21051451127;0.036221867717812384;19057.913850855442;2021-06-08;2021;6;8;172.0
220;triall;https://icoholder.com/en/triall-1004285;0.00018907;2021-01-06;;;$trl;;Platform;nan;triall;trl;triall;USD;12-08-2022;;;172159214.227398;;;0.01929738;682.4;;345999.0;0.001;;;9;0.1;312;30828;8867;;;;;2021-01-06;2021;1;6;286.0
221;etherinc;https://icoholder.com/en/etherinc-20940;0.00018907;2018-06-03;;ETH, BTC, LTC ;eti;;Platform, Cryptocurrency, Legal, Business services, Software, Smart Contract;Australia;etherinc;eti;etherinc;USD;12-08-2022;;;997528142.0;;;9.687e-05;;;0.0;0.0;;;6;0.0;202;5528;1285;;;0.001898219484650052;903.9770903104944;2018-06-03;2018;6;3;48.0
222;decoin;https://icoholder.com/en/decoin-21170;0.00018907;2018-01-10;;ETH, BTC, FIAT ;nan;;Platform, Cryptocurrency, Smart Contract;Bulgaria;decoin;dtep;decoin;USD;12-08-2022;;;70000000.0;;;0.088248;0.0;;0.0;0.012;;;0;0.0;0;23426;7401;;;;;2018-01-10;2018;1;10;71.0
223;nerveflux;https://icoholder.com/en/nerveflux-1006100;0.00018907;2022-01-14;;;nerve;;Platform;nan;nerveflux;nerve;nerveflux;USD;12-08-2022;;;184568500.0;;260680.0;0.0013034;-106.9285813465176;;57456.0;0.0;;;0;0.0;0;4408;3009;0.0032221133128283396;1604.1906769071452;0.0009403154317940808;397.3371935230765;2022-01-14;2022;1;14;165.0
224;typerium;https://icoholder.com/en/typerium-21308;0.00018907;2018-06-26;;ETH ;type;;Platform, Cryptocurrency, Media, Software, Communication;United Kingdom;typerium;type;typerium;USD;12-08-2022;;;2000000000.0;;;0.00036836;-6845.183516079094;;272460.0;0.0;0.0;100.0;0;0.0;0;49940;12577;;;0.000747169694679276;295.1815172577754;2018-06-26;2018;6;26;55.0
225;avinoc;https://icoholder.com/en/avinoc-22592;0.00018907;2018-07-14;;ETH ;avinoc;;Platform;nan;avinoc;avinoc;avinoc;USD;12-08-2022;;;1000000000.0;;;0.264226;357766.0;;44125288.0;0.001;22.22;77.78;9;0.0;21617;42537;6279;0.009303658704546337;4820.748243796656;0.005297372763402769;2701.8050263938057;2018-07-14;2018;7;14;145.0
226;uhive;https://icoholder.com/en/uhive-20797;0.00018907;2018-10-29;;ETH, BTC, FIAT ;hve;;Platform, Virtual Reality, Entertainment;United Kingdom;uhive;hve2;uhive;USD;12-08-2022;;;60000000000.0;;;0.00022789;0.0;;0.0;0.014;0.0;100.0;10;0.0;243;31997;12047;;;;;2018-10-29;2018;10;29;165.0
227;nexo;https://icoholder.com/en/nexo-18938;0.00018907;2018-01-03;;ETH, BTC ;nexo;;Platform;Switzerland;nexo;nexo;nexo;USD;12-08-2022;;;1000000000.0;;914770684.0;0.915192;-4884283.6693816185;;512271592.0;0.403;11.27;88.73;110;48.5;34750;223600;38100;;;0.11596894022328617;61236.51040529231;2018-01-03;2018;1;3;831.0
228;satt;https://icoholder.com/en/satt-21400;0.00018907;2018-01-05;;;satt;;Platform, Cryptocurrency;nan;satt;satt;satt;USD;12-08-2022;;;20000000000.0;;;0.00100078;-259499.4932536902;;4249463.0;0.001;0.0;100.0;0;0.0;0;7458;2939;;;;;2018-01-05;2018;1;5;828.0
229;dacc;https://icoholder.com/en/dacc-22133;0.00018907;2018-10-06;;ETH, BTC ;dacc;;Platform, Cryptocurrency;nan;dacc;dacc;dacc;USD;12-08-2022;;;30000000000.0;;;1.4e-09;;;17.21;0.0;;;0;0.0;0;33324;5866;0.00010738459257905134;-43.203790882185785;0.000203869328640564;7.827433564586661;2018-10-06;2018;10;6;205.0
